,Epoch,Time,Batch,Disc Loss,Accuracy, Gen Loss, MAE, Gen Sim Loss,GAN Loss
0,1,29.62062907218933,1,-0.23499342799186707,0.08124999701976776,0.0019373067189007998,12.191065788269043,0.9907793998718262,244.81210327148438
1,1,9.526305437088013,2,-0.3554719388484955,0.19374999403953552,-8.559997513657436e-05,13.662074089050293,0.9558266401290894,274.19732666015625
2,2,9.258208513259888,1,-0.45000067353248596,0.24375000596046448,-0.0035735159181058407,13.976499557495117,0.8905298113822937,280.4205017089844
3,2,9.23363447189331,2,-0.5597192645072937,0.48124998807907104,-0.007685072720050812,12.705260276794434,0.7895537614822388,254.89468383789062
4,3,8.911965370178223,1,-0.65631103515625,0.574999988079071,-0.012261471711099148,13.388490676879883,0.8342642784118652,268.60394287109375
5,3,9.05554485321045,2,-0.757684051990509,0.800000011920929,-0.01724650338292122,12.069192886352539,0.8593185544013977,242.2429962158203
6,4,9.0507071018219,1,-0.8962472677230835,0.875,-0.022256992757320404,12.494636535644531,0.7816163301467896,250.6741180419922
7,4,8.66251826286316,2,-1.0143482685089111,0.925000011920929,-0.027637049555778503,12.219062805175781,0.8646754026412964,245.2456512451172
8,5,8.846203804016113,1,-1.145111083984375,0.96875,-0.03340145945549011,12.193921089172363,0.8056104779243469,244.68368530273438
9,5,8.55238962173462,2,-1.2774547338485718,1.0,-0.03921567648649216,12.393203735351562,0.8135337829589844,248.67721557617188
10,6,8.615694761276245,1,-1.408825159072876,1.0,-0.0446934849023819,12.852899551391602,0.8689041137695312,257.92645263671875
11,6,8.910811424255371,2,-1.5478990077972412,1.0,-0.050357379019260406,13.735115051269531,0.8022491335868835,275.5040588378906
12,7,8.605609893798828,1,-1.684627890586853,1.0,-0.05513717606663704,12.960630416870117,0.7812838554382324,259.99334716796875
13,7,8.751617670059204,2,-1.8253360986709595,1.0,-0.05950107425451279,13.547403335571289,0.7616577744483948,271.7091369628906
14,8,9.146135091781616,1,-1.967759370803833,1.0,-0.06278284639120102,12.890820503234863,0.7107946872711182,258.5265808105469
15,8,9.07110047340393,2,-2.1143455505371094,1.0,-0.06508302688598633,11.731620788574219,0.7532673478126526,235.38504028320312
16,9,9.137829542160034,1,-2.262688636779785,1.0,-0.06648498773574829,12.651809692382812,0.9086037874221802,253.9441375732422
17,9,9.22409439086914,2,-2.4173104763031006,1.0,-0.06542910635471344,13.01879596710205,0.8049491047859192,261.1802062988281
18,10,9.273825645446777,1,-2.573085069656372,1.0,-0.06248464435338974,11.532889366149902,0.9061824679374695,231.5633544921875
19,10,9.238023281097412,2,-2.734982967376709,1.0,-0.05870760604739189,13.448760986328125,0.790428638458252,269.76507568359375
20,11,9.233635902404785,1,-2.900484323501587,1.0,-0.05311499908566475,12.32646369934082,0.8646402359008789,247.3933563232422
21,11,9.27268385887146,2,-3.070664882659912,1.0,-0.04405117779970169,13.33911418914795,0.8164054155349731,267.5982666015625
22,12,9.257915258407593,1,-3.245755434036255,1.0,-0.03367944434285164,11.339815139770508,0.7459201216697693,227.54190063476562
23,12,9.085679292678833,2,-3.4239907264709473,1.0,-0.01990746334195137,12.846708297729492,0.9302420616149902,257.8642272949219
24,13,9.31287407875061,1,-3.607717990875244,1.0,-0.004240744281560183,11.723820686340332,0.7828023433685303,235.25918579101562
25,13,9.33492136001587,2,-3.7956480979919434,1.0,0.01591087318956852,11.02952766418457,0.9380837678909302,221.52877807617188
26,14,9.423192977905273,1,-3.989569902420044,1.0,0.03571987897157669,11.63690185546875,0.9250162243843079,233.6634063720703
27,14,9.376001119613647,2,-4.187420845031738,1.0,0.05704566091299057,12.321944236755371,0.7490050792694092,247.18844604492188
28,15,9.34387469291687,1,-4.389071464538574,1.0,0.08467714488506317,13.874750137329102,0.8695287704467773,278.3653564453125
29,15,9.344634294509888,2,-4.595689296722412,1.0,0.11641017347574234,13.679632186889648,0.9014289975166321,274.4952392578125
30,16,9.205148458480835,1,-4.8065667152404785,1.0,0.14614376425743103,13.034013748168945,0.884366512298584,261.56610107421875
31,16,9.35318374633789,2,-5.021796703338623,1.0,0.1674249917268753,11.938613891601562,0.7653133273124695,239.5392608642578
32,17,9.498505592346191,1,-5.2413225173950195,1.0,0.19575881958007812,13.14990234375,0.7971509695053101,263.7971496582031
33,17,9.161452770233154,2,-5.465127468109131,1.0,0.23703110218048096,12.408888816833496,0.9175738096237183,249.0977020263672
34,18,9.125221729278564,1,-5.693648338317871,1.0,0.2692938446998596,13.077146530151367,0.8368375897407532,262.3824768066406
35,18,9.482814073562622,2,-5.925915241241455,1.0,0.285677433013916,12.67698860168457,0.8181010484695435,254.3607177734375
36,19,9.351974487304688,1,-6.161857604980469,1.0,0.32444679737091064,12.12903118133545,0.8792442083358765,243.46310424804688
37,19,9.210456609725952,2,-6.401487827301025,1.0,0.3428831100463867,12.623699188232422,0.7629145383834839,253.24032592773438
38,20,9.453341484069824,1,-6.64441442489624,1.0,0.3371957838535309,12.502123832702637,0.8923124074935913,250.9381866455078
39,20,9.102269172668457,2,-6.889906406402588,1.0,0.3651982545852661,12.587274551391602,0.7464149594306946,252.4955596923828
40,21,9.377963781356812,1,-7.138662815093994,1.0,0.3718421757221222,13.824299812316895,0.8356119394302368,277.3253173828125
41,21,9.140035152435303,2,-7.389418601989746,1.0,0.3688119947910309,12.352543830871582,0.859624981880188,247.9141845703125
42,22,9.348304271697998,1,-7.6423234939575195,1.0,0.35984501242637634,13.190093994140625,0.8977643847465515,264.7032470703125
43,22,9.376532793045044,2,-7.8964433670043945,1.0,0.33379724621772766,13.077238082885742,0.8319798707962036,262.3800964355469
44,23,9.179075956344604,1,-8.1505126953125,1.0,0.3574792742729187,12.262262344360352,0.9540292024612427,246.20285034179688
45,23,9.132646322250366,2,-8.403305053710938,1.0,0.2771175801753998,13.04333782196045,0.9304816126823425,261.8000183105469
46,24,9.174152374267578,1,-8.651583671569824,1.0,0.249996155500412,12.874044418334961,0.8061898350715637,258.2895812988281
47,24,9.199319839477539,2,-8.909382820129395,1.0,0.12601132690906525,13.808998107910156,0.950128436088562,277.13134765625
48,25,9.512830257415771,1,-9.154511451721191,1.0,0.2582872807979584,13.333569526672363,0.88386470079422,267.5578308105469
49,25,9.078365087509155,2,-9.404020309448242,1.0,0.21387290954589844,12.754255294799805,0.9012956619262695,255.98855590820312
50,26,9.286437273025513,1,-9.631576538085938,1.0,0.03832685202360153,13.234176635742188,0.7992238998413086,265.483154296875
51,26,9.275634050369263,2,-9.874615669250488,1.0,-0.3925519287586212,13.202386856079102,0.8850830793380737,264.92889404296875
52,27,9.27985143661499,1,-10.108654975891113,1.0,-0.10409581661224365,12.296907424926758,0.7944440841674805,246.73153686523438
53,27,9.246077060699463,2,-10.330353736877441,1.0,-0.5713421106338501,12.343420028686523,0.8895288705825806,247.75222778320312
54,28,9.364404678344727,1,-10.5289306640625,1.0,-0.4310760498046875,11.405142784118652,0.7698770761489868,228.86843872070312
55,28,9.349661111831665,2,-10.750722885131836,1.0,-0.8014293909072876,11.749895095825195,0.8843143582344055,235.8741912841797
56,29,9.311925888061523,1,-10.921791076660156,1.0,-1.025842547416687,12.245842933654785,0.8268426656723022,245.7334442138672
57,29,9.335817337036133,2,-11.147565841674805,1.0,-1.5205895900726318,12.341120719909668,0.8835271596908569,247.6907196044922
58,30,9.452971696853638,1,-11.326448440551758,1.0,-1.6444835662841797,12.678421020507812,0.8111552000045776,254.36312866210938
59,30,9.370241641998291,2,-11.505932807922363,1.0,-1.5722625255584717,11.256776809692383,0.7511476278305054,225.87094116210938
60,31,9.286154508590698,1,-11.6781005859375,1.0,-2.5150938034057617,12.228777885437012,0.7617196440696716,245.3121337890625
61,31,9.33813738822937,2,-11.843579292297363,1.0,-2.024829864501953,11.51934814453125,0.785962700843811,231.15267944335938
62,32,9.17241096496582,1,-12.00664234161377,1.0,-3.2759366035461426,11.893793106079102,0.9110563397407532,238.754150390625
63,32,9.151383638381958,2,-12.159204483032227,1.0,-2.7684249877929688,12.664896011352539,0.8864129781723022,254.15664672851562
64,33,9.309677362442017,1,-12.308941841125488,1.0,-3.5269172191619873,11.823113441467285,0.849169909954071,237.2761688232422
65,33,9.38235068321228,2,-12.448331832885742,1.0,-3.535688877105713,12.972734451293945,0.8399391174316406,260.25927734375
66,34,9.518367767333984,1,-12.5906982421875,1.0,-4.458954811096191,12.19105052947998,0.7391125559806824,244.51553344726562
67,34,9.494030475616455,2,-12.725784301757812,1.0,-4.2622294425964355,11.77053165435791,0.7991638779640198,236.1671905517578
68,35,9.356313705444336,1,-12.861781120300293,1.0,-4.728528022766113,10.89317512512207,0.8844735026359558,218.70068359375
69,35,9.290057182312012,2,-12.97758674621582,1.0,-5.186791896820068,13.499272346496582,0.8895164728164673,270.8230895996094
70,36,9.351737022399902,1,-13.11073112487793,1.0,-5.865370273590088,12.70876407623291,0.731561541557312,254.8481903076172
71,36,8.946493864059448,2,-13.237035751342773,1.0,-4.814149379730225,12.006300926208496,0.7697324752807617,240.8476104736328
72,37,9.162798643112183,1,-13.355753898620605,1.0,-6.401333808898926,11.487974166870117,0.7994939088821411,230.49496459960938
73,37,8.98813533782959,2,-13.463022232055664,1.0,-6.5328264236450195,14.100865364074707,0.922164261341095,282.8741455078125
74,38,9.295276641845703,1,-13.578161239624023,1.0,-6.679409980773926,11.726263046264648,0.9182621836662292,235.37673950195312
75,38,9.182379484176636,2,-13.687255859375,1.0,-6.575523376464844,11.537211418151855,0.8454090356826782,231.5238800048828
76,39,9.270934820175171,1,-13.789416313171387,1.0,-8.140165328979492,12.515253067016602,0.8747566342353821,251.09841918945312
77,39,9.45717716217041,2,-13.896627426147461,1.0,-7.741026401519775,12.345893859863281,0.8574426770210266,247.69790649414062
78,40,9.339475393295288,1,-13.989727973937988,1.0,-8.424779891967773,13.128122329711914,0.79213947057724,263.27032470703125
79,40,9.308996677398682,2,-14.076467514038086,1.0,-8.13750171661377,11.7540864944458,0.8172490000724792,235.81759643554688
80,41,9.355793237686157,1,-14.182096481323242,1.0,-9.97381591796875,13.395184516906738,0.9095338582992554,268.7134704589844
81,41,9.362213373184204,2,-14.269281387329102,1.0,-9.086474418640137,13.402015686035156,0.9035807847976685,268.85302734375
82,42,9.344508171081543,1,-14.355331420898438,1.0,-9.650125503540039,12.311929702758789,0.7678906917572021,246.9099578857422
83,42,9.2244234085083,2,-14.432519912719727,1.0,-9.16363525390625,11.450650215148926,0.6905022263526917,229.6118621826172
84,43,9.257662057876587,1,-14.520126342773438,1.0,-10.128472328186035,12.755254745483398,0.853840708732605,255.857666015625
85,43,9.2470703125,2,-14.596994400024414,1.0,-10.107690811157227,11.751916885375977,0.74631667137146,235.68356323242188
86,44,9.422472476959229,1,-14.671304702758789,1.0,-11.148309707641602,12.480088233947754,0.8411887884140015,250.3314666748047
87,44,9.270251512527466,2,-14.748422622680664,1.0,-11.015680313110352,12.49417495727539,0.7607673406600952,250.5341033935547
88,45,9.400510311126709,1,-14.810839653015137,1.0,-11.99272346496582,12.728978157043457,0.7735784649848938,255.2332000732422
89,45,9.122199058532715,2,-14.884078979492188,1.0,-11.253568649291992,12.523136138916016,0.7904114723205566,251.14059448242188
90,46,9.302797317504883,1,-14.953638076782227,1.0,-11.802509307861328,11.750570297241211,0.8509936332702637,235.744384765625
91,46,9.28791332244873,2,-15.016874313354492,1.0,-11.76929759979248,11.944652557373047,0.7801873683929443,239.5555419921875
92,47,9.307801246643066,1,-15.073476791381836,1.0,-13.074427604675293,12.964775085449219,0.7470183372497559,259.9117736816406
93,47,9.027200937271118,2,-15.139350891113281,1.0,-12.045015335083008,11.352243423461914,0.9449575543403625,227.86935424804688
94,48,9.236401796340942,1,-15.195379257202148,1.0,-13.46424388885498,11.557451248168945,0.9301320910453796,231.9445037841797
95,48,9.1045241355896,2,-15.248255729675293,1.0,-13.604934692382812,13.231521606445312,0.74653160572052,265.24090576171875
96,49,9.215580224990845,1,-15.297201156616211,1.0,-13.340907096862793,12.50664234161377,0.7521113753318787,250.7515411376953
97,49,9.05900502204895,2,-15.356134414672852,1.0,-13.660120010375977,10.318674087524414,0.7524774074554443,206.98934936523438
98,50,9.311575889587402,1,-15.40331745147705,1.0,-14.659172058105469,12.797837257385254,0.9555596113204956,256.7657165527344
99,50,9.171398878097534,2,-15.445558547973633,1.0,-15.314300537109375,11.679338455200195,0.9401663541793823,234.373779296875
100,51,9.357291460037231,1,-15.48236083984375,1.0,-15.198593139648438,13.131451606750488,0.9371139407157898,263.4141540527344
101,51,8.954376697540283,2,-15.535006523132324,1.0,-15.805734634399414,13.477569580078125,0.8734838366508484,270.2668151855469
102,52,9.231950759887695,1,-15.570114135742188,1.0,-15.422396659851074,12.13787841796875,0.8399351835250854,243.4432830810547
103,52,9.012617111206055,2,-15.614730834960938,1.0,-15.6484956741333,13.428720474243164,0.8367902636528015,269.25469970703125
104,53,9.18611454963684,1,-15.658462524414062,1.0,-16.78195571899414,11.093110084533691,0.8712995648384094,222.565673828125
105,53,9.057650327682495,2,-15.693339347839355,1.0,-16.268640518188477,11.577433586120605,0.7421352863311768,232.1281280517578
106,54,9.365721702575684,1,-15.722848892211914,1.0,-17.302841186523438,11.908683776855469,0.7043823003768921,238.7050323486328
107,54,9.280133485794067,2,-15.7560396194458,1.0,-17.360225677490234,11.885416030883789,0.7881529927253723,238.32284545898438
108,55,9.253798484802246,1,-15.791409492492676,1.0,-17.69368553161621,12.435823440551758,0.836024284362793,249.3755340576172
109,55,9.009383201599121,2,-15.82025146484375,1.0,-18.17088508605957,12.194696426391602,0.7973606586456299,244.5095672607422
110,56,9.064722299575806,1,-15.852712631225586,1.0,-17.550888061523438,11.693460464477539,0.8377682566642761,234.53146362304688
111,56,9.170184850692749,2,-15.873812675476074,1.0,-18.254501342773438,12.726482391357422,0.8053628206253052,255.1524658203125
112,57,9.181739807128906,1,-15.903898239135742,1.0,-19.263280868530273,12.836421012878418,0.7895663976669312,257.3253479003906
113,57,9.139533519744873,2,-15.928689956665039,1.0,-18.395864486694336,11.819303512573242,0.7665109634399414,236.9686279296875
114,58,9.19892692565918,1,-15.960172653198242,1.0,-19.135543823242188,11.816682815551758,0.8109768629074097,236.95327758789062
115,58,9.351287126541138,2,-15.9771728515625,1.0,-18.611286163330078,12.777788162231445,0.7534779906272888,256.12310791015625
116,59,9.39108920097351,1,-15.995870590209961,1.0,-20.036046981811523,12.844900131225586,0.9019521474838257,257.599609375
117,59,9.059908628463745,2,-16.020503997802734,1.0,-19.226863861083984,12.28520393371582,0.8977786898612976,246.40957641601562
118,60,9.88744568824768,1,-16.038341522216797,1.0,-20.47294807434082,12.02849006652832,0.7458417415618896,241.1108856201172
119,60,9.706652879714966,2,-16.0576229095459,1.0,-20.583730697631836,12.289316177368164,0.8503521680831909,246.4308319091797
120,61,9.122198104858398,1,-16.073923110961914,1.0,-20.809192657470703,12.250764846801758,0.8254647254943848,245.63265991210938
121,61,8.801466703414917,2,-16.090381622314453,1.0,-20.46912956237793,12.642492294311523,0.7579593658447266,253.4031219482422
122,62,8.933656454086304,1,-16.10187339782715,1.0,-22.1104793548584,12.644558906555176,0.7437268495559692,253.41378784179688
123,62,8.865209102630615,2,-16.121801376342773,1.0,-20.943851470947266,13.990264892578125,0.7859098315238953,280.38177490234375
124,63,9.020131587982178,1,-16.137165069580078,1.0,-20.70306968688965,12.249823570251465,0.9045802354812622,245.6940460205078
125,63,8.886430263519287,2,-16.146814346313477,1.0,-22.537565231323242,13.652913093566895,0.7468210458755493,273.5797119140625
126,64,8.911370992660522,1,-16.161052703857422,1.0,-21.88138198852539,12.484587669372559,0.7639302015304565,250.2368621826172
127,64,8.824621200561523,2,-16.1722412109375,1.0,-22.6435604095459,12.533418655395508,0.7557410001754761,251.1976776123047
128,65,8.891867399215698,1,-16.184585571289062,1.0,-22.260578155517578,12.973095893859863,0.8079501986503601,260.0472717285156
129,65,8.865158557891846,2,-16.190608978271484,1.0,-23.08976173400879,11.346063613891602,0.861883282661438,227.55224609375
130,66,8.934451341629028,1,-16.20059585571289,1.0,-23.125646591186523,11.866438865661621,0.6740790009498596,237.7716064453125
131,66,9.237404823303223,2,-16.20914649963379,1.0,-23.02490997314453,12.208883285522461,0.7741578817367554,244.72158813476562
132,67,9.321706771850586,1,-16.221973419189453,1.0,-23.45245933532715,13.272387504577637,0.75566166639328,265.9689025878906
133,67,9.287295818328857,2,-16.214580535888672,1.0,-24.661767959594727,11.103297233581543,0.8198091387748718,222.63912963867188
134,68,9.03791618347168,1,-16.227691650390625,1.0,-24.124622344970703,13.178013801574707,0.9022701382637024,264.2212829589844
135,68,8.94537353515625,2,-16.22626304626465,1.0,-25.070026397705078,11.761542320251465,0.8518370389938354,235.8319854736328
136,69,8.960986375808716,1,-16.240671157836914,1.0,-24.409414291381836,13.630203247070312,0.8297740817070007,273.18975830078125
137,69,9.285229206085205,2,-16.248062133789062,1.0,-24.779190063476562,12.288537979125977,0.8997194170951843,246.4226837158203
138,70,9.00631046295166,1,-16.252296447753906,1.0,-24.235857009887695,12.30379867553711,0.8539482355117798,246.6875457763672
139,70,9.086143255233765,2,-16.25589942932129,1.0,-25.744403839111328,12.347774505615234,0.8125423192977905,247.51058959960938
140,71,8.93690037727356,1,-16.264850616455078,1.0,-24.69820213317871,12.041254043579102,0.7411057353019714,241.31918334960938
141,71,9.064276695251465,2,-16.268226623535156,1.0,-24.10354232788086,12.27321720123291,0.8016670942306519,246.0249786376953
142,72,9.120245456695557,1,-16.266098022460938,1.0,-25.73843002319336,11.112610816955566,0.7161038517951965,222.7109375
143,72,9.077508449554443,2,-16.27407455444336,1.0,-25.661815643310547,12.692354202270508,0.8900505304336548,254.4805145263672
144,73,9.130210876464844,1,-16.278757095336914,1.0,-26.803024291992188,11.844858169555664,0.835778534412384,237.4648895263672
145,73,9.161583662033081,2,-16.279733657836914,1.0,-25.61190414428711,12.472258567810059,0.8542863130569458,250.0433349609375
146,74,9.173298358917236,1,-16.281909942626953,1.0,-26.912128448486328,13.263320922851562,0.7846682667732239,265.7819519042969
147,74,9.13174319267273,2,-16.279987335205078,1.0,-26.197269439697266,12.408206939697266,0.7563982605934143,248.6585693359375
148,75,9.12338662147522,1,-16.287883758544922,1.0,-26.685205459594727,12.282621383666992,0.7490588426589966,246.1346435546875
149,75,9.017703533172607,2,-16.289215087890625,1.0,-26.337841033935547,12.03946304321289,0.8198432922363281,241.34573364257812
150,76,8.996389627456665,1,-16.291318893432617,1.0,-27.7022647857666,12.768592834472656,0.8040682077407837,255.89889526367188
151,76,9.349632978439331,2,-16.292930603027344,1.0,-26.715686798095703,12.61626148223877,0.7441361546516418,252.8022003173828
152,77,9.502311944961548,1,-16.295257568359375,1.0,-27.4903507232666,11.439027786254883,0.8643585443496704,229.37002563476562
153,77,9.391583919525146,2,-16.29233169555664,1.0,-27.04037857055664,11.709409713745117,0.7255589962005615,234.6433563232422
154,78,9.444271564483643,1,-16.296419143676758,1.0,-28.634967803955078,13.556768417358398,0.8647123575210571,271.7137451171875
155,78,9.13417911529541,2,-16.29973793029785,1.0,-27.336933135986328,10.344297409057617,0.7992126941680908,207.4118194580078
156,79,9.343423128128052,1,-16.29384994506836,1.0,-28.7019100189209,12.5269136428833,0.8739892244338989,251.125244140625
157,79,9.330789804458618,2,-16.299942016601562,1.0,-28.721324920654297,12.829394340515137,0.8499341011047363,257.1506042480469
158,80,9.537583589553833,1,-16.299978256225586,1.0,-27.655929565429688,11.913901329040527,0.7626102566719055,238.7640838623047
159,80,9.427469491958618,2,-16.301372528076172,1.0,-28.982147216796875,11.302170753479004,0.7240951657295227,226.47769165039062
160,81,9.456941366195679,1,-16.308574676513672,1.0,-27.70528793334961,10.865001678466797,0.7322643995285034,217.7552490234375
161,81,9.278091430664062,2,-16.309728622436523,1.0,-28.544363021850586,11.693704605102539,0.7118096351623535,234.30044555664062
162,82,9.616577625274658,1,-16.30109214782715,1.0,-28.65851402282715,12.323976516723633,0.8233974575996399,247.01632690429688
163,82,9.358694076538086,2,-16.3087100982666,1.0,-28.494617462158203,11.526708602905273,0.725014865398407,230.9742431640625
164,83,9.418323516845703,1,-16.30429458618164,1.0,-29.354778289794922,14.111082077026367,0.8777827024459839,282.8058776855469
165,83,9.627551794052124,2,-16.309215545654297,1.0,-28.868000030517578,13.249639511108398,0.8024821281433105,265.506591796875
166,84,9.410244941711426,1,-16.308958053588867,1.0,-29.486236572265625,13.698512077331543,0.8183574676513672,274.4937438964844
167,84,9.856845617294312,2,-16.313232421875,1.0,-28.76861572265625,10.681378364562988,0.8377374410629272,214.1776123046875
168,85,11.309009552001953,1,-16.31664276123047,1.0,-30.13040542602539,13.292627334594727,0.8948662877082825,266.44610595703125
169,85,9.247051239013672,2,-16.306154251098633,1.0,-29.427011489868164,11.95466423034668,0.8253152966499329,239.6243438720703
170,86,9.330813884735107,1,-16.316680908203125,1.0,-30.046833038330078,11.331557273864746,0.8209549188613892,227.15164184570312
171,86,9.389411211013794,2,-16.315622329711914,1.0,-30.56793785095215,11.331096649169922,0.7244800329208374,227.04074096679688
172,87,9.200627088546753,1,-16.313121795654297,1.0,-28.925006866455078,12.410660743713379,0.7464744448661804,248.67044067382812
173,87,9.207046508789062,2,-16.316560745239258,1.0,-29.68436050415039,11.483938217163086,0.8589879870414734,230.2409210205078
174,88,9.412588119506836,1,-16.319705963134766,1.0,-29.478130340576172,11.669093132019043,0.7427622079849243,233.82986450195312
175,88,9.415631532669067,2,-16.315555572509766,1.0,-30.486644744873047,12.201925277709961,0.8770111799240112,244.6106414794922
176,89,9.461744546890259,1,-16.31393814086914,1.0,-29.625347137451172,13.366658210754395,0.8759595155715942,267.9128723144531
177,89,9.305876016616821,2,-16.315671920776367,1.0,-30.205364227294922,12.685213088989258,0.770443320274353,254.17263793945312
178,90,9.366867542266846,1,-16.31792640686035,1.0,-29.44622230529785,12.750203132629395,0.8261663317680359,255.5357666015625
179,90,9.369327783584595,2,-16.3205623626709,1.0,-30.530841827392578,12.67586898803711,0.7172752618789673,253.92935180664062
180,91,9.297712564468384,1,-16.317270278930664,1.0,-29.667383193969727,13.088770866394043,0.7585233449935913,262.2372741699219
181,91,9.240738868713379,2,-16.321805953979492,1.0,-30.694591522216797,12.234332084655762,0.7740730047225952,245.15377807617188
182,92,9.242002725601196,1,-16.315153121948242,1.0,-30.1967716217041,12.192007064819336,0.7926202416419983,244.33078002929688
183,92,9.385375022888184,2,-16.321212768554688,1.0,-30.437124252319336,11.820316314697266,0.6836919784545898,236.78564453125
184,93,9.351752519607544,1,-16.31441307067871,1.0,-30.503799438476562,11.116949081420898,0.7015892863273621,222.7355499267578
185,93,9.461832761764526,2,-16.31642723083496,1.0,-30.807464599609375,11.744607925415039,0.7281525135040283,235.31222534179688
186,94,9.561572074890137,1,-16.32235336303711,1.0,-30.461170196533203,13.165105819702148,0.7683165073394775,263.7658386230469
187,94,9.507354736328125,2,-16.32263946533203,1.0,-30.979228973388672,12.159880638122559,0.7215372920036316,243.60934448242188
188,95,9.56876277923584,1,-16.320297241210938,1.0,-31.521991729736328,12.13710880279541,0.8004100918769836,243.2273406982422
189,95,9.433313608169556,2,-16.310928344726562,1.0,-31.39072608947754,11.766855239868164,0.7383707761764526,235.76156616210938
190,96,9.44672679901123,1,-16.31930923461914,1.0,-31.319965362548828,12.938631057739258,0.8273717164993286,259.2867736816406
191,96,9.53842568397522,2,-16.319286346435547,1.0,-31.42978858947754,12.806039810180664,0.7342759370803833,256.540771484375
192,97,9.261548280715942,1,-16.32145118713379,1.0,-30.42571449279785,10.956578254699707,0.928788959980011,219.75607299804688
193,97,9.463369607925415,2,-16.322681427001953,1.0,-31.77309226989746,14.83130168914795,0.833365261554718,297.14166259765625
194,98,9.544087409973145,1,-16.32108497619629,1.0,-30.939355850219727,12.198626518249512,0.711487352848053,244.3746337890625
195,98,9.242441415786743,2,-16.324115753173828,1.0,-32.23807144165039,12.656967163085938,0.8364394307136536,253.6533966064453
196,99,9.30238962173462,1,-16.328332901000977,1.0,-31.193511962890625,11.539837837219238,0.7042060494422913,231.1890106201172
197,99,9.317883968353271,2,-16.325481414794922,1.0,-31.48077964782715,11.769328117370605,0.6750496625900269,235.74679565429688
198,100,9.373982667922974,1,-16.32383155822754,1.0,-32.14164352416992,12.892786026000977,0.7784438729286194,258.312744140625
199,100,9.369926929473877,2,-16.321895599365234,1.0,-31.291805267333984,12.107397079467773,0.700121283531189,242.53515625
200,101,9.278071641921997,1,-16.331119537353516,1.0,-31.6901912689209,10.906736373901367,0.7756180763244629,218.5934600830078
201,101,9.41306185722351,2,-16.327495574951172,1.0,-31.96468162536621,10.574506759643555,0.7656242847442627,211.93612670898438
202,102,9.236245393753052,1,-16.327205657958984,1.0,-31.79537010192871,12.321173667907715,0.7763192057609558,246.8818359375
203,102,9.229855060577393,2,-16.3264102935791,1.0,-32.21022033691406,12.10034465789795,0.8330013155937195,242.51779174804688
204,103,9.109443187713623,1,-16.329782485961914,1.0,-31.705236434936523,11.872096061706543,0.7632707953453064,237.8881378173828
205,103,9.388924598693848,2,-16.323266983032227,1.0,-33.07273483276367,12.815805435180664,0.8777118921279907,256.86309814453125
206,104,9.397088527679443,1,-16.325897216796875,1.0,-33.486839294433594,13.048873901367188,0.8332230448722839,261.475830078125
207,104,9.351073503494263,2,-16.323698043823242,1.0,-32.48501968383789,11.922637939453125,0.767523467540741,238.8954315185547
208,105,9.169140338897705,1,-16.32485580444336,1.0,-32.24427032470703,11.98157024383545,0.721526563167572,240.03048706054688
209,105,9.296074151992798,2,-16.32881736755371,1.0,-32.92151641845703,11.281465530395508,0.7381728887557983,226.0382537841797
210,106,9.348324298858643,1,-16.32986068725586,1.0,-32.55690002441406,13.013809204101562,0.8675254583358765,260.8181457519531
211,106,9.467199802398682,2,-16.330114364624023,1.0,-33.07207107543945,11.067647933959961,0.6908234357833862,221.7130889892578
212,107,9.466575860977173,1,-16.3282413482666,1.0,-32.46552658081055,13.05236530303955,0.7067035436630249,261.4293518066406
213,107,9.408507108688354,2,-16.328189849853516,1.0,-33.17668151855469,12.309083938598633,0.8736904263496399,246.72360229492188
214,108,9.265389919281006,1,-16.329952239990234,1.0,-32.7845344543457,12.171181678771973,0.7793353199958801,243.8751220703125
215,108,9.479387283325195,2,-16.325359344482422,1.0,-33.49620819091797,11.824850082397461,0.7895375490188599,236.9515838623047
216,109,9.434355974197388,1,-16.331220626831055,1.0,-32.6297492980957,13.249547004699707,0.7791308760643005,265.4437561035156
217,109,9.392409563064575,2,-16.33255958557129,1.0,-32.97578048706055,10.663503646850586,0.8993664979934692,213.83969116210938
218,110,9.13648796081543,1,-16.332170486450195,1.0,-33.00697326660156,10.537275314331055,0.8455575704574585,211.26101684570312
219,110,9.221098184585571,2,-16.3330020904541,1.0,-32.413780212402344,12.286782264709473,0.8224819898605347,246.23397827148438
220,111,9.336097955703735,1,-16.331279754638672,1.0,-33.35982131958008,12.48859977722168,0.7650333642959595,250.2034454345703
221,111,9.282835006713867,2,-16.327537536621094,1.0,-32.858787536621094,12.03111457824707,0.8593519926071167,241.15304565429688
222,112,9.292372226715088,1,-16.328866958618164,1.0,-33.7783088684082,11.817468643188477,0.7792847156524658,236.79086303710938
223,112,9.486366987228394,2,-16.33018684387207,1.0,-33.94715118408203,12.49338436126709,0.856326699256897,250.38455200195312
224,113,9.225006341934204,1,-16.330059051513672,1.0,-33.098426818847656,10.205606460571289,0.6631870865821838,204.44432067871094
225,113,8.9727783203125,2,-16.332622528076172,1.0,-33.884849548339844,10.841050148010254,0.6906417012214661,217.1728057861328
226,114,9.04449987411499,1,-16.332088470458984,1.0,-33.64983367919922,13.311185836791992,0.8490322828292847,266.73626708984375
227,114,10.872297763824463,2,-16.325946807861328,1.0,-34.06901550292969,12.755932807922363,0.7024103999137878,255.48037719726562
228,115,8.70484972000122,1,-16.33181381225586,1.0,-33.6212158203125,13.13758659362793,0.8302704095840454,263.24578857421875
229,115,8.74875521659851,2,-16.33096694946289,1.0,-34.77812194824219,12.543368339538574,0.7117869853973389,251.2313690185547
230,116,8.782742977142334,1,-16.333066940307617,1.0,-33.708770751953125,12.314784049987793,0.8108315467834473,246.76943969726562
231,116,8.73556399345398,2,-16.33487892150879,1.0,-34.306396484375,11.299947738647461,0.7148152589797974,226.37069702148438
232,117,8.826146125793457,1,-16.329090118408203,1.0,-34.00547790527344,11.95278549194336,0.772224485874176,239.48788452148438
233,117,8.899752140045166,2,-16.329967498779297,1.0,-34.59844207763672,12.236083030700684,0.7028821110725403,245.0785675048828
234,118,8.875061273574829,1,-16.333515167236328,1.0,-34.11441421508789,12.370796203613281,0.7263835668563843,247.80117797851562
235,118,8.772774696350098,2,-16.334095001220703,1.0,-34.38634490966797,11.7153902053833,0.703665018081665,234.6676025390625
236,119,8.823325157165527,1,-16.331480026245117,1.0,-35.49210739135742,11.482511520385742,0.7490600347518921,230.0443878173828
237,119,8.870747089385986,2,-16.33188247680664,1.0,-34.56945037841797,12.670890808105469,0.6902673840522766,253.7624053955078
238,120,8.689385414123535,1,-16.33220863342285,1.0,-33.41222381591797,12.954228401184082,0.7397173047065735,259.49017333984375
239,120,8.702428102493286,2,-16.336950302124023,1.0,-34.52128601074219,11.718881607055664,0.6866834163665771,234.71908569335938
240,121,8.933051109313965,1,-16.32852554321289,1.0,-34.373512268066406,11.594263076782227,0.6938620209693909,232.23538208007812
241,121,8.70307970046997,2,-16.334423065185547,1.0,-35.22301483154297,10.815486907958984,0.6780256628990173,216.63552856445312
242,122,8.837250471115112,1,-16.334842681884766,1.0,-34.708187103271484,13.115568161010742,0.6976479291915894,262.66192626953125
243,122,8.757219076156616,2,-16.33589744567871,1.0,-34.49983215332031,12.218810081481934,0.8822994232177734,244.9135284423828
244,123,8.804553270339966,1,-16.331640243530273,1.0,-35.65806579589844,12.6077880859375,0.8108236193656921,252.61001586914062
245,123,8.625317096710205,2,-16.33637046813965,1.0,-35.8458251953125,12.348516464233398,0.7463515996932983,247.3582305908203
246,124,8.627616167068481,1,-16.333829879760742,1.0,-36.10353088378906,12.022825241088867,0.7065412998199463,240.80203247070312
247,124,8.577536344528198,2,-16.333818435668945,1.0,-35.44654083251953,12.367846488952637,0.7490951418876648,247.75155639648438
248,125,8.603375911712646,1,-16.33381462097168,1.0,-35.527950286865234,13.314626693725586,0.7109463214874268,266.648193359375
249,125,8.675315380096436,2,-16.33793067932129,1.0,-35.826988220214844,12.20007038116455,0.8316740989685059,244.4748077392578
250,126,8.695254564285278,1,-16.333362579345703,1.0,-35.946067810058594,13.147764205932617,0.7121461629867554,263.3079833984375
251,126,8.6630277633667,2,-16.33294105529785,1.0,-35.197479248046875,11.685446739196777,0.8005945086479187,234.15756225585938
252,127,8.604081869125366,1,-16.339420318603516,1.0,-35.41938400268555,12.648215293884277,0.7463589310646057,253.35647583007812
253,127,8.525766849517822,2,-16.338558197021484,1.0,-36.1913948059082,12.972158432006836,0.7129359245300293,259.794189453125
254,128,8.728925704956055,1,-16.33563232421875,1.0,-35.76746368408203,12.79732894897461,0.7208938002586365,256.3097839355469
255,128,8.562646389007568,2,-16.336044311523438,1.0,-35.52012634277344,12.051114082336426,0.6992197036743164,241.36630249023438
256,129,8.602455139160156,1,-16.336179733276367,1.0,-35.27766799926758,10.920186996459961,0.6661663055419922,218.71713256835938
257,129,8.544913053512573,2,-16.336944580078125,1.0,-36.32996368408203,11.027637481689453,0.7042091488838196,220.89364624023438
258,130,8.453745365142822,1,-16.335779190063477,1.0,-35.90984344482422,12.860198974609375,0.8631364107131958,257.7080078125
259,130,8.597812414169312,2,-16.339279174804688,1.0,-36.60441970825195,13.212366104125977,0.8264166116714478,264.7076721191406
260,131,8.531304836273193,1,-16.33485984802246,1.0,-35.40046310424805,11.665143013000488,0.8305355906486511,233.77938842773438
261,131,8.601114273071289,2,-16.339000701904297,1.0,-36.933082580566406,11.992326736450195,0.718863844871521,240.19607543945312
262,132,8.499924421310425,1,-16.340343475341797,1.0,-36.202301025390625,12.884900093078613,0.8605918884277344,258.1965637207031
263,132,8.515814781188965,2,-16.334762573242188,1.0,-35.645328521728516,10.653971672058105,0.6808192133903503,213.40380859375
264,133,8.60441541671753,1,-16.339046478271484,1.0,-36.165042877197266,12.116379737854004,0.6927197575569153,242.65866088867188
265,133,8.632144451141357,2,-16.33666229248047,1.0,-35.98572540283203,11.911863327026367,0.7861268520355225,238.66354370117188
266,134,8.745865821838379,1,-16.339263916015625,1.0,-36.79872131347656,11.206817626953125,0.6680328845977783,224.4364013671875
267,134,8.556244373321533,2,-16.338687896728516,1.0,-35.882022857666016,11.833475112915039,0.7070257067680359,237.0177001953125
268,135,8.560513496398926,1,-16.340585708618164,1.0,-35.68361282348633,12.707892417907715,0.7251662611961365,254.5261688232422
269,135,8.474597454071045,2,-16.337276458740234,1.0,-37.09315872192383,11.161749839782715,0.698013424873352,223.5620880126953
270,136,8.531464576721191,1,-16.33938217163086,1.0,-36.790321350097656,12.085122108459473,0.8702346086502075,242.2047882080078
271,136,8.42896294593811,2,-16.340885162353516,1.0,-37.08832550048828,13.32829475402832,0.8562484979629517,267.0512390136719
272,137,8.56619930267334,1,-16.341251373291016,1.0,-37.099822998046875,11.96897029876709,0.7298586964607239,239.73825073242188
273,137,8.610682964324951,2,-16.335927963256836,1.0,-36.51469421386719,12.348881721496582,0.7248782515525818,247.3373565673828
274,138,8.527388572692871,1,-16.339736938476562,1.0,-37.19666290283203,13.054463386535645,0.7124015092849731,261.4296875
275,138,8.583028078079224,2,-16.33604621887207,1.0,-36.284088134765625,12.185321807861328,0.7505167126655579,244.0941162109375
276,139,8.444286108016968,1,-16.338504791259766,1.0,-36.87059783935547,13.451377868652344,0.8388797044754028,269.49774169921875
277,139,8.500128984451294,2,-16.334049224853516,1.0,-36.58317947387695,13.027153015136719,0.7121273279190063,260.88934326171875
278,140,8.570868730545044,1,-16.334379196166992,1.0,-35.714229583740234,11.971203804016113,0.8616746664047241,239.92861938476562
279,140,8.551065683364868,2,-16.338769912719727,1.0,-36.00646209716797,12.025212287902832,0.7889558672904968,240.93313598632812
280,141,8.578431844711304,1,-16.3336181640625,1.0,-36.431365966796875,11.780952453613281,0.7774711847305298,236.03219604492188
281,141,8.45181155204773,2,-16.337663650512695,1.0,-37.22654342651367,13.105074882507324,0.7388830780982971,262.4681091308594
282,142,8.4571213722229,1,-16.339468002319336,1.0,-36.902610778808594,11.152844429016113,0.8944479823112488,223.58230590820312
283,142,8.530989408493042,2,-16.3391056060791,1.0,-36.60282897949219,11.473284721374512,0.8420437574386597,229.9416961669922
284,143,8.507615089416504,1,-16.3394775390625,1.0,-37.27489471435547,12.016228675842285,0.6994951367378235,240.6513214111328
285,143,8.575444221496582,2,-16.337400436401367,1.0,-36.709373474121094,12.752653121948242,0.7120264172554016,255.3979949951172
286,144,8.581279993057251,1,-16.338321685791016,1.0,-37.27068328857422,12.155389785766602,0.7619849443435669,243.4970703125
287,144,8.509030103683472,2,-16.34023094177246,1.0,-36.81327819824219,11.917974472045898,0.7018387913703918,238.69320678710938
288,145,8.554612636566162,1,-16.339794158935547,1.0,-36.64873504638672,12.556892395019531,0.7181156277656555,251.48947143554688
289,145,8.604834079742432,2,-16.34012794494629,1.0,-37.41745376586914,11.000935554504395,0.6914480924606323,220.3359832763672
290,146,8.6279776096344,1,-16.341854095458984,1.0,-37.22742462158203,13.55876350402832,0.897441565990448,271.700439453125
291,146,8.41309928894043,2,-16.336891174316406,1.0,-37.29143142700195,11.892349243164062,0.7930364608764648,238.26712036132812
292,147,8.49918246269226,1,-16.34392738342285,1.0,-37.85688018798828,11.42188835144043,0.7983969449996948,228.8576202392578
293,147,8.494845867156982,2,-16.343435287475586,1.0,-37.507049560546875,12.057985305786133,0.6913190484046936,241.4759521484375
294,148,8.54422903060913,1,-16.33792495727539,1.0,-36.441307067871094,12.778009414672852,0.7133991122245789,255.90914916992188
295,148,8.504413366317749,2,-16.340938568115234,1.0,-37.6724967956543,11.7660551071167,0.7801921367645264,235.72457885742188
296,149,8.506996631622314,1,-16.341327667236328,1.0,-37.12956619262695,11.382116317749023,0.6781896948814392,227.94924926757812
297,149,8.495177745819092,2,-16.34100341796875,1.0,-37.77714157104492,11.490813255310059,0.6869722604751587,230.12545776367188
298,150,8.513197898864746,1,-16.343164443969727,1.0,-37.312255859375,12.593717575073242,0.7194796204566956,252.22073364257812
299,150,8.504813194274902,2,-16.340145111083984,1.0,-38.402427673339844,12.445770263671875,0.7709675431251526,249.30233764648438
300,151,8.421008110046387,1,-16.3415470123291,1.0,-37.96906280517578,12.443636894226074,0.6930205225944519,249.18606567382812
301,151,8.49631142616272,2,-16.33794593811035,1.0,-38.11159133911133,12.017656326293945,0.7219362258911133,240.69393920898438
302,152,8.464162349700928,1,-16.34096336364746,1.0,-37.94562530517578,11.605451583862305,0.7119559645652771,232.44155883789062
303,152,8.444234132766724,2,-16.34415626525879,1.0,-38.365455627441406,11.356985092163086,0.7370347380638123,227.4930877685547
304,153,8.501147985458374,1,-16.341136932373047,1.0,-37.85676193237305,11.301031112670898,0.7033097743988037,226.34536743164062
305,153,8.459733009338379,2,-16.339706420898438,1.0,-38.79032516479492,13.008753776550293,0.725765585899353,260.512939453125
306,154,8.414371252059937,1,-16.341768264770508,1.0,-38.07985305786133,12.291315078735352,0.8391517400741577,246.28463745117188
307,154,8.480132102966309,2,-16.338043212890625,1.0,-38.06816864013672,12.484328269958496,0.7578346729278564,250.063720703125
308,155,8.46163034439087,1,-16.34493637084961,1.0,-38.644020080566406,11.72263240814209,0.7364159822463989,234.80264282226562
309,155,8.4706871509552,2,-16.345529556274414,1.0,-37.67148971557617,13.299159049987793,0.729189395904541,266.3356628417969
310,156,8.503425598144531,1,-16.342845916748047,1.0,-38.86195373535156,13.120521545410156,0.7997936010360718,262.82159423828125
311,156,8.566418170928955,2,-16.339176177978516,1.0,-38.29981231689453,11.691235542297363,0.719488263130188,234.1611785888672
312,157,8.449798345565796,1,-16.342557907104492,1.0,-38.80329895019531,12.828346252441406,0.8594760894775391,257.0383605957031
313,157,8.501239538192749,2,-16.342426300048828,1.0,-39.62067794799805,14.12695598602295,0.8510597944259644,282.9939880371094
314,158,8.467483043670654,1,-16.3431396484375,1.0,-38.949188232421875,11.310986518859863,0.7681230306625366,226.59835815429688
315,158,9.52135443687439,2,-16.343975067138672,1.0,-39.34272384643555,12.866679191589355,0.7575485110282898,257.6977233886719
316,159,8.818338632583618,1,-16.344701766967773,1.0,-38.99501419067383,12.789342880249023,0.7384569048881531,256.1353759765625
317,159,8.61690354347229,2,-16.34626007080078,1.0,-39.08327102661133,12.060626029968262,0.6938596963882446,241.5155487060547
318,160,8.45340895652771,1,-16.33820343017578,1.0,-39.8668098449707,12.614943504333496,0.7122231721878052,252.6124267578125
319,160,8.64719533920288,2,-16.34656524658203,1.0,-39.14167022705078,11.768594741821289,0.7867530584335327,235.76724243164062
320,161,8.567252159118652,1,-16.341655731201172,1.0,-39.59154510498047,12.103967666625977,0.6640662550926208,242.34750366210938
321,161,8.413286209106445,2,-16.346546173095703,1.0,-39.259544372558594,12.198930740356445,0.7002244591712952,244.28622436523438
322,162,8.57857632637024,1,-16.34754753112793,1.0,-39.76187515258789,11.47347354888916,0.6769776344299316,229.7488250732422
323,162,8.547937631607056,2,-16.343494415283203,1.0,-40.04188537597656,10.818195343017578,0.6606541275978088,216.6241455078125
324,163,8.98717737197876,1,-16.344406127929688,1.0,-39.36985778808594,13.280118942260742,0.7603871822357178,265.9690856933594
325,163,8.807607889175415,2,-16.344324111938477,1.0,-39.76917266845703,12.065204620361328,0.7929970026016235,241.6994171142578
326,164,8.81291389465332,1,-16.3409481048584,1.0,-39.079345703125,12.298306465148926,0.6676717400550842,246.2429962158203
327,164,8.796314716339111,2,-16.347644805908203,1.0,-39.8287353515625,12.293149948120117,0.7102691531181335,246.1750030517578
328,165,8.790833711624146,1,-16.34476089477539,1.0,-39.994083404541016,11.602877616882324,0.6837705969810486,232.3413848876953
329,165,8.909990549087524,2,-16.34459114074707,1.0,-39.967803955078125,11.511652946472168,0.7269800305366516,230.5603485107422
330,166,8.96110987663269,1,-16.342844009399414,1.0,-39.34415054321289,11.58390998840332,0.6985377669334412,231.98330688476562
331,166,8.87941837310791,2,-16.344736099243164,1.0,-39.96895217895508,13.259696960449219,0.7880181074142456,265.582275390625
332,167,8.841793775558472,1,-16.337379455566406,1.0,-39.794429779052734,11.204427719116211,0.7704436779022217,224.4610595703125
333,167,8.966315507888794,2,-16.345449447631836,1.0,-39.468013763427734,11.929936408996582,0.7116944789886475,238.91574096679688
334,168,8.937657594680786,1,-16.342357635498047,1.0,-39.67247009277344,11.0502347946167,0.7371209263801575,221.3450927734375
335,168,8.87046480178833,2,-16.346858978271484,1.0,-39.775909423828125,12.448831558227539,0.7729716897010803,249.35183715820312
336,169,9.085374116897583,1,-16.347034454345703,1.0,-40.74531555175781,11.781715393066406,0.7024792432785034,235.92935180664062
337,169,9.283227443695068,2,-16.340065002441406,1.0,-40.2042121887207,11.265996932983398,0.6545120477676392,225.57241821289062
338,170,8.66522741317749,1,-16.3447265625,1.0,-40.139015197753906,10.88011646270752,0.6606854200363159,217.8616180419922
339,170,8.731848239898682,2,-16.34358024597168,1.0,-39.90340805053711,11.00510311126709,0.6835460662841797,220.38656616210938
340,171,8.670397996902466,1,-16.341594696044922,1.0,-41.349849700927734,11.484732627868652,0.7600517272949219,230.0412139892578
341,171,8.704269170761108,2,-16.344249725341797,1.0,-41.09230041503906,12.694879531860352,0.6846756339073181,254.1713409423828
342,172,8.745197296142578,1,-16.345067977905273,1.0,-39.89723205566406,12.02699089050293,0.8659309148788452,241.0067901611328
343,172,8.835943460464478,2,-16.34915542602539,1.0,-41.22510528564453,12.558815956115723,0.7480179071426392,251.5120849609375
344,173,8.733613014221191,1,-16.345651626586914,1.0,-40.77604293823242,11.430123329162598,0.7111713886260986,228.90585327148438
345,173,8.648646116256714,2,-16.346954345703125,1.0,-40.29165267944336,12.094808578491211,0.6799746155738831,242.17324829101562
346,174,8.803733348846436,1,-16.345001220703125,1.0,-41.23893356323242,12.140220642089844,0.7215706706047058,243.1136016845703
347,174,8.881394624710083,2,-16.3465576171875,1.0,-40.793968200683594,13.144369125366211,0.7748603820800781,263.2543029785156
348,175,9.015222311019897,1,-16.3438663482666,1.0,-40.43358612060547,11.95722770690918,0.6930119395256042,239.43325805664062
349,175,8.82830548286438,2,-16.346689224243164,1.0,-40.26506805419922,11.695555686950684,0.6945801973342896,234.2030487060547
350,176,8.871083498001099,1,-16.348634719848633,1.0,-41.124656677246094,11.513483047485352,0.6619422435760498,230.52035522460938
351,176,8.729987144470215,2,-16.34415054321289,1.0,-41.14598083496094,13.007530212402344,0.7557032108306885,260.4948425292969
352,177,8.742172479629517,1,-16.34397315979004,1.0,-40.13721466064453,12.345927238464355,0.7580251693725586,247.2751922607422
353,177,8.56663179397583,2,-16.34292984008789,1.0,-41.45357131958008,12.618544578552246,0.7045602798461914,252.66091918945312
354,178,8.661269426345825,1,-16.34671401977539,1.0,-40.702632904052734,12.691024780273438,0.7061102986335754,254.1195831298828
355,178,8.564568519592285,2,-16.344486236572266,1.0,-41.624595642089844,12.293718338012695,0.6888115406036377,246.1469268798828
356,179,8.80602502822876,1,-16.342330932617188,1.0,-41.265811920166016,13.328348159790039,0.6870285868644714,266.8413391113281
357,179,8.608089447021484,2,-16.349376678466797,1.0,-41.832359313964844,13.8295316696167,0.7527482509613037,276.925048828125
358,180,8.69008731842041,1,-16.34659194946289,1.0,-41.819427490234375,11.631296157836914,0.6965344548225403,232.9042510986328
359,180,8.67323088645935,2,-16.34625244140625,1.0,-41.792640686035156,14.101800918579102,0.8902331590652466,282.5083312988281
360,181,8.717930793762207,1,-16.347057342529297,1.0,-42.05466842651367,13.259989738464355,0.8253664970397949,265.6046142578125
361,181,8.690683603286743,2,-16.348299026489258,1.0,-41.65900802612305,11.73465347290039,0.6730011701583862,234.94949340820312
362,182,8.80626893043518,1,-16.3439884185791,1.0,-41.47345733642578,13.654312133789062,0.7387625575065613,273.4102783203125
363,182,8.685093879699707,2,-16.347925186157227,1.0,-42.13022994995117,12.777948379516602,0.7111430764198303,255.8488006591797
364,183,8.899988412857056,1,-16.347457885742188,1.0,-40.336585998535156,12.519746780395508,0.675706148147583,250.66726684570312
365,183,8.772734880447388,2,-16.34981346130371,1.0,-41.128684997558594,12.948984146118164,0.7093673944473267,259.27777099609375
366,184,8.650318145751953,1,-16.346067428588867,1.0,-40.78047561645508,12.611303329467773,0.7015852332115173,252.5198516845703
367,184,8.689992666244507,2,-16.351348876953125,1.0,-41.1800651550293,11.559419631958008,0.6747767925262451,231.4513702392578
368,185,8.761640787124634,1,-16.350475311279297,1.0,-41.239707946777344,12.208819389343262,0.687719464302063,244.4517059326172
369,185,8.845999717712402,2,-16.347064971923828,1.0,-42.425514221191406,12.873048782348633,0.6909897923469543,257.7276916503906
370,186,8.687392473220825,1,-16.34885597229004,1.0,-41.29939270019531,11.689424514770508,0.670701265335083,234.0461883544922
371,186,8.772550582885742,2,-16.34820556640625,1.0,-41.07654571533203,11.761503219604492,0.7293839454650879,235.54867553710938
372,187,8.640113115310669,1,-16.34879493713379,1.0,-41.16372299194336,12.709444999694824,0.6742545366287231,254.45150756835938
373,187,8.8693106174469,2,-16.351276397705078,1.0,-42.12855911254883,11.185895919799805,0.707808256149292,224.0044403076172
374,188,8.637973308563232,1,-16.346147537231445,1.0,-41.899375915527344,12.638829231262207,0.8542293310165405,253.21182250976562
375,188,8.770862102508545,2,-16.3469295501709,1.0,-42.53685760498047,11.831501960754395,0.7423925995826721,236.94705200195312
376,189,8.65905475616455,1,-16.34773826599121,1.0,-41.50925827026367,11.611513137817383,0.8040401339530945,232.6191864013672
377,189,8.861232280731201,2,-16.347858428955078,1.0,-42.58357238769531,11.579708099365234,0.6979093551635742,231.86624145507812
378,190,8.738800048828125,1,-16.35191535949707,1.0,-42.70552444458008,11.427952766418457,0.7829391956329346,228.91494750976562
379,190,8.728015661239624,2,-16.351125717163086,1.0,-42.17607879638672,11.73560905456543,0.6887277364730835,234.97915649414062
380,191,8.709045648574829,1,-16.34613609313965,1.0,-42.583946228027344,11.273343086242676,0.8515859842300415,225.89260864257812
381,191,8.750238418579102,2,-16.345327377319336,1.0,-42.62905502319336,11.080445289611816,0.766925036907196,221.9495391845703
382,192,8.683716773986816,1,-16.347442626953125,1.0,-42.58734130859375,12.873814582824707,0.8496044278144836,257.9000244140625
383,192,8.857139348983765,2,-16.34637451171875,1.0,-43.56596755981445,12.083761215209961,0.7517098784446716,241.9912872314453
384,193,8.808088779449463,1,-16.349382400512695,1.0,-42.64035415649414,12.551048278808594,0.7327523231506348,251.3273162841797
385,193,8.790308952331543,2,-16.34536361694336,1.0,-43.74919891357422,12.068403244018555,0.686274528503418,241.61685180664062
386,194,8.752689838409424,1,-16.348342895507812,1.0,-42.864768981933594,11.921998977661133,0.7554580569267273,238.7667999267578
387,194,8.709715604782104,2,-16.347835540771484,1.0,-43.89411544799805,12.056931495666504,0.6671504378318787,241.36685180664062
388,195,8.681523084640503,1,-16.34918212890625,1.0,-42.4335823059082,12.045347213745117,0.736395001411438,241.21902465820312
389,195,8.849619150161743,2,-16.348594665527344,1.0,-43.765098571777344,11.393670082092285,0.6987653970718384,228.13449096679688
390,196,8.915474891662598,1,-16.351364135742188,1.0,-43.92850875854492,12.630345344543457,0.6758328676223755,252.8434600830078
391,196,8.806082963943481,2,-16.348766326904297,1.0,-42.36384963989258,12.715299606323242,0.6853733062744141,254.56771850585938
392,197,8.780813455581665,1,-16.35006332397461,1.0,-43.388145446777344,14.07971477508545,0.7778685092926025,281.93829345703125
393,197,8.830069065093994,2,-16.347652435302734,1.0,-42.492069244384766,12.133255004882812,0.7223473787307739,242.9625244140625
394,198,8.695306539535522,1,-16.34744644165039,1.0,-43.55052947998047,10.798924446105957,0.6507189869880676,216.19369506835938
395,198,8.829044580459595,2,-16.349576950073242,1.0,-42.87590408325195,11.864404678344727,0.7855876088142395,237.64492797851562
396,199,8.811144828796387,1,-16.35085678100586,1.0,-43.85057830810547,13.052986145019531,0.7258576154708862,261.3470764160156
397,199,8.843185424804688,2,-16.346771240234375,1.0,-42.577606201171875,11.719952583312988,0.8737373352050781,234.84701538085938
398,200,8.779404401779175,1,-16.351961135864258,1.0,-43.72747039794922,12.051933288574219,0.7994663119316101,241.40084838867188
399,200,8.854644775390625,2,-16.350011825561523,1.0,-43.01085662841797,12.15278434753418,0.7044816017150879,243.33004760742188
400,201,8.97686243057251,1,-16.350940704345703,1.0,-43.46342468261719,12.078285217285156,0.6604790687561035,241.7915496826172
401,201,8.791110515594482,2,-16.347566604614258,1.0,-44.20562744140625,12.843159675598145,0.7147059440612793,257.1358337402344
402,202,8.928053140640259,1,-16.350326538085938,1.0,-43.38665771484375,11.69493579864502,0.6790522336959839,234.14389038085938
403,202,8.791311979293823,2,-16.35177993774414,1.0,-45.3704833984375,12.774336814880371,0.7786698937416077,255.8117218017578
404,203,8.79834508895874,1,-16.351659774780273,1.0,-43.633277893066406,11.81725788116455,0.7210884690284729,236.62991333007812
405,203,8.837293148040771,2,-16.3521785736084,1.0,-44.27597427368164,11.554352760314941,0.6690865159034729,231.31338500976562
406,204,8.84480333328247,1,-16.352209091186523,1.0,-43.99678421020508,12.049103736877441,0.6740202903747559,241.2161102294922
407,204,8.792360067367554,2,-16.349136352539062,1.0,-44.551300048828125,12.118399620056152,0.7622555494308472,242.6847381591797
408,205,8.786868810653687,1,-16.353273391723633,1.0,-44.55517578125,11.062219619750977,0.6747300028800964,221.4735565185547
409,205,8.862973690032959,2,-16.349349975585938,1.0,-44.50773239135742,12.615945816040039,0.8582782745361328,252.7321319580078
410,206,8.670065879821777,1,-16.34906005859375,1.0,-45.27175521850586,11.153528213500977,0.7487294673919678,223.36654663085938
411,206,8.7045738697052,2,-16.35361099243164,1.0,-44.17064666748047,12.215266227722168,0.673028826713562,244.53665161132812
412,207,8.905452013015747,1,-16.35246467590332,1.0,-44.12929153442383,11.861242294311523,0.7010846138000488,237.48464965820312
413,207,8.831534624099731,2,-16.350040435791016,1.0,-45.83922576904297,12.774311065673828,0.8083714246749878,255.83621215820312
414,208,8.80786919593811,1,-16.349720001220703,1.0,-44.48048782348633,12.130660057067871,0.6875223517417908,242.85592651367188
415,208,8.777830839157104,2,-16.354450225830078,1.0,-44.3785285949707,11.262594223022461,0.7353771328926086,225.54348754882812
416,209,8.830580711364746,1,-16.34714698791504,1.0,-44.95734786987305,11.855417251586914,0.7583334445953369,237.41708374023438
417,209,8.782744884490967,2,-16.347972869873047,1.0,-45.342552185058594,12.250304222106934,0.6815005540847778,245.23416137695312
418,210,8.953075885772705,1,-16.35210609436035,1.0,-45.76560592651367,11.819941520690918,0.7274342179298401,236.66860961914062
419,210,8.90845251083374,2,-16.352781295776367,1.0,-45.795570373535156,12.41784381866455,0.7345865964889526,248.6334991455078
420,211,8.772558212280273,1,-16.35085678100586,1.0,-45.152809143066406,11.723179817199707,0.7038912773132324,234.71597290039062
421,211,8.775034189224243,2,-16.351470947265625,1.0,-45.05028533935547,13.177040100097656,0.761666476726532,263.8519592285156
422,212,8.715906620025635,1,-16.351381301879883,1.0,-44.915748596191406,10.519670486450195,0.7576563954353333,210.701904296875
423,212,8.783426523208618,2,-16.35183334350586,1.0,-46.202423095703125,12.752083778381348,0.7674158215522766,255.34707641601562
424,213,8.82476019859314,1,-16.348926544189453,1.0,-44.92329406738281,11.453279495239258,0.7262440919876099,229.3425750732422
425,213,8.857681512832642,2,-16.35260581970215,1.0,-45.44069290161133,13.57512378692627,0.7685372829437256,271.81658935546875
426,214,8.796818256378174,1,-16.35187339782715,1.0,-46.112098693847656,11.335619926452637,0.6966109871864319,226.94790649414062
427,214,8.777345657348633,2,-16.349002838134766,1.0,-45.3800163269043,11.215791702270508,0.6954144835472107,224.5574188232422
428,215,8.726814985275269,1,-16.351015090942383,1.0,-44.608612060546875,12.102070808410645,0.7033920884132385,242.29873657226562
429,215,8.877519845962524,2,-16.3533992767334,1.0,-45.51018524169922,12.375937461853027,0.6899144649505615,247.75357055664062
430,216,8.808559894561768,1,-16.350717544555664,1.0,-44.803550720214844,12.610152244567871,0.7251500487327576,252.4801788330078
431,216,8.75753116607666,2,-16.349151611328125,1.0,-46.382164001464844,13.016342163085938,0.6973846554756165,260.5603942871094
432,217,8.768807649612427,1,-16.355152130126953,1.0,-46.503448486328125,12.369391441345215,0.693636417388916,247.61642456054688
433,217,8.860833883285522,2,-16.349557876586914,1.0,-46.31410598754883,12.153568267822266,0.6856967806816101,243.29391479492188
434,218,8.753678798675537,1,-16.346324920654297,1.0,-46.20347595214844,13.100980758666992,0.6806809306144714,262.23828125
435,218,8.721616983413696,2,-16.345911026000977,1.0,-45.22582244873047,12.032539367675781,0.6923089027404785,240.89083862304688
436,219,8.803035259246826,1,-16.35426902770996,1.0,-45.80942916870117,11.951040267944336,0.7426769137382507,239.30538940429688
437,219,8.872641324996948,2,-16.34623146057129,1.0,-46.075836181640625,11.424216270446777,0.6741973757743835,228.69778442382812
438,220,8.873686790466309,1,-16.352115631103516,1.0,-46.46373748779297,12.914052963256836,0.7545512914657593,258.57098388671875
439,220,8.740408182144165,2,-16.353588104248047,1.0,-46.87556076049805,12.431341171264648,0.7156157493591309,248.87368774414062
440,221,8.698471784591675,1,-16.352815628051758,1.0,-47.25862503051758,13.032018661499023,0.704590380191803,260.87237548828125
441,221,8.707730293273926,2,-16.353342056274414,1.0,-46.11210250854492,11.452592849731445,0.778868556022644,229.36959838867188
442,222,8.704988956451416,1,-16.350860595703125,1.0,-47.072566986083984,10.57239818572998,0.6784563660621643,211.6557159423828
443,222,8.847299098968506,2,-16.353940963745117,1.0,-48.035377502441406,12.878677368164062,0.8754993677139282,257.96868896484375
444,223,8.773848056793213,1,-16.352609634399414,1.0,-47.0859260559082,12.79472827911377,0.8483691215515137,256.2720642089844
445,223,8.855732917785645,2,-16.3561954498291,1.0,-46.56085968017578,12.378809928894043,0.716873049736023,247.8274688720703
446,224,8.894721984863281,1,-16.35343360900879,1.0,-46.90920639038086,12.244637489318848,0.864167332649231,245.28781127929688
447,224,8.876400470733643,2,-16.35371971130371,1.0,-46.848228454589844,12.882673263549805,0.6875002384185791,257.87249755859375
448,225,8.910573720932007,1,-16.354990005493164,1.0,-47.42559051513672,12.495939254760742,0.7205775380134583,250.1651153564453
449,225,8.756149768829346,2,-16.346742630004883,1.0,-47.448089599609375,14.041488647460938,0.6798546314239502,281.03515625
450,226,8.91044807434082,1,-16.354616165161133,1.0,-47.600250244140625,13.686006546020508,0.7520526647567749,273.9961853027344
451,226,8.878636360168457,2,-16.351303100585938,1.0,-47.16917037963867,12.597983360290527,0.6850749254226685,252.1730499267578
452,227,8.840502500534058,1,-16.352588653564453,1.0,-47.86474609375,11.80378532409668,0.6902334094047546,236.2873077392578
453,227,8.71775197982788,2,-16.355457305908203,1.0,-47.554786682128906,14.276529312133789,0.6917914748191833,285.746826171875
454,228,8.710604906082153,1,-16.352975845336914,1.0,-46.202598571777344,11.417738914489746,0.8609544634819031,228.7537078857422
455,228,8.670138359069824,2,-16.35301399230957,1.0,-47.61949920654297,12.232389450073242,0.7197445631027222,244.89132690429688
456,229,8.710367918014526,1,-16.353984832763672,1.0,-46.70461654663086,12.413833618164062,0.7818441987037659,248.5914764404297
457,229,8.668262004852295,2,-16.35423469543457,1.0,-46.67451095581055,11.630266189575195,0.6971340179443359,232.83572387695312
458,230,8.701797246932983,1,-16.3523006439209,1.0,-47.473228454589844,12.467765808105469,0.7393450140953064,249.6199188232422
459,230,8.826655387878418,2,-16.354494094848633,1.0,-46.97931671142578,12.656206130981445,0.6886253356933594,253.3429412841797
460,231,8.818218469619751,1,-16.355070114135742,1.0,-47.1785888671875,11.938048362731934,0.6582263708114624,238.94741821289062
461,231,8.842450857162476,2,-16.349464416503906,1.0,-48.324737548828125,11.762192726135254,0.6531298756599426,235.41372680664062
462,232,8.908812522888184,1,-16.352575302124023,1.0,-47.25043869018555,13.51885986328125,0.7527134418487549,270.65740966796875
463,232,9.06318712234497,2,-16.3535213470459,1.0,-47.849281311035156,12.659563064575195,0.7190920114517212,253.43185424804688
464,233,8.833498239517212,1,-16.352779388427734,1.0,-47.678436279296875,12.970715522766113,0.68182772397995,259.6193542480469
465,233,8.873048543930054,2,-16.353965759277344,1.0,-47.13315963745117,11.280587196350098,0.7222291231155396,225.86264038085938
466,234,8.79057502746582,1,-16.353302001953125,1.0,-47.96726989746094,11.558103561401367,0.7074733972549438,231.38986206054688
467,234,8.80437421798706,2,-16.353618621826172,1.0,-47.517478942871094,12.856643676757812,0.6814578175544739,257.3391418457031
468,235,8.641849994659424,1,-16.353805541992188,1.0,-46.9004020690918,12.97706127166748,0.7343787550926208,259.8066101074219
469,235,8.751834630966187,2,-16.353931427001953,1.0,-48.37523651123047,12.193281173706055,0.6668298840522766,244.0487060546875
470,236,8.805563688278198,1,-16.353092193603516,1.0,-47.6897087097168,12.864511489868164,0.6736021637916565,257.4869384765625
471,236,8.889050245285034,2,-16.35555648803711,1.0,-48.82915496826172,11.60041618347168,0.698956310749054,232.218994140625
472,237,8.865459442138672,1,-16.35261344909668,1.0,-47.75700759887695,12.466717720031738,0.7758240699768066,249.63259887695312
473,237,8.729047298431396,2,-16.354272842407227,1.0,-48.34043502807617,11.328678131103516,0.687122106552124,226.7772979736328
474,238,8.67907452583313,1,-16.348968505859375,1.0,-48.26957702636719,11.097495079040527,0.6595045924186707,222.126708984375
475,238,8.773068904876709,2,-16.35293960571289,1.0,-48.10227584838867,13.606477737426758,0.6748852133750916,272.3233947753906
476,239,8.711501121520996,1,-16.354822158813477,1.0,-48.49171447753906,11.25121784210205,0.8511537313461304,225.39059448242188
477,239,8.693274736404419,2,-16.354251861572266,1.0,-47.39234161376953,13.229334831237793,0.6960573792457581,264.808837890625
478,240,8.707662343978882,1,-16.353500366210938,1.0,-48.66648483276367,11.44774341583252,0.6800738573074341,229.1482696533203
479,240,8.862882614135742,2,-16.354846954345703,1.0,-47.9316520690918,13.018697738647461,0.6815208196640015,260.576171875
480,241,8.812285900115967,1,-16.35561752319336,1.0,-47.50983428955078,12.547130584716797,0.8010126948356628,251.26852416992188
481,241,8.79196047782898,2,-16.351999282836914,1.0,-48.67253494262695,12.310574531555176,0.6942580938339233,246.4190216064453
482,242,8.744871377944946,1,-16.348739624023438,1.0,-48.599361419677734,11.825839042663574,0.7497180104255676,236.78048706054688
483,242,8.803775072097778,2,-16.354412078857422,1.0,-48.606163024902344,10.423029899597168,0.6666876077651978,208.6412353515625
484,243,8.877192974090576,1,-16.355125427246094,1.0,-48.75022506713867,12.787866592407227,0.8027176856994629,256.0725402832031
485,243,8.678810358047485,2,-16.35406494140625,1.0,-49.65302658081055,12.384588241577148,0.6833503842353821,247.8785858154297
486,244,8.69039511680603,1,-16.3507080078125,1.0,-48.915000915527344,11.296466827392578,0.778054416179657,226.21823120117188
487,244,8.839446783065796,2,-16.35634422302246,1.0,-48.854583740234375,12.642457962036133,0.6902933120727539,253.0509033203125
488,245,8.89363956451416,1,-16.357868194580078,1.0,-49.21381759643555,11.185917854309082,0.6945087909698486,223.9207305908203
489,245,8.908128023147583,2,-16.350473403930664,1.0,-48.919063568115234,14.815462112426758,0.8451043963432312,296.6651611328125
490,246,8.765925168991089,1,-16.35275650024414,1.0,-48.87433624267578,14.588651657104492,0.7381911277770996,292.0224914550781
491,246,8.863698482513428,2,-16.3525390625,1.0,-48.8766975402832,12.756362915039062,0.8104835748672485,255.448974609375
492,247,8.82041072845459,1,-16.352313995361328,1.0,-49.3555908203125,12.979762077331543,0.6676538586616516,259.76934814453125
493,247,8.817551612854004,2,-16.355260848999023,1.0,-48.403656005859375,12.09925651550293,0.692672073841095,242.1937713623047
494,248,8.753218650817871,1,-16.35243797302246,1.0,-49.090171813964844,12.172040939331055,0.7097865343093872,243.6597137451172
495,248,8.937759160995483,2,-16.349525451660156,1.0,-48.719600677490234,11.660423278808594,0.6760633587837219,233.3973388671875
496,249,8.861300468444824,1,-16.355484008789062,1.0,-49.21868133544922,12.121757507324219,0.6943314671516418,242.63729858398438
497,249,8.94467306137085,2,-16.355810165405273,1.0,-50.048770904541016,12.981852531433105,0.6725047826766968,259.80908203125
498,250,8.924912691116333,1,-16.355220794677734,1.0,-48.1698112487793,11.530842781066895,0.706670343875885,230.84182739257812
499,250,8.823963642120361,2,-16.356578826904297,1.0,-50.065406799316406,12.96052360534668,0.7823638916015625,259.4921875
500,251,8.831711053848267,1,-16.355606079101562,1.0,-48.36256790161133,12.123592376708984,0.673567533493042,242.6617889404297
501,251,8.875771760940552,2,-16.354137420654297,1.0,-50.32368087768555,12.296911239624023,0.7737715840339661,246.20877075195312
502,252,8.795226335525513,1,-16.352725982666016,1.0,-49.557899475097656,11.12090015411377,0.6984834671020508,222.6208953857422
503,252,8.778874158859253,2,-16.353717803955078,1.0,-49.477783203125,12.549386978149414,0.8346102833747864,251.3275604248047
504,253,8.87749171257019,1,-16.352886199951172,1.0,-49.241432189941406,12.155768394470215,0.7529561519622803,243.3759307861328
505,253,8.97023344039917,2,-16.348346710205078,1.0,-50.06755447387695,12.706603050231934,0.7295675277709961,254.3609619140625
506,254,8.754698991775513,1,-16.352975845336914,1.0,-49.062896728515625,12.604791641235352,0.6706802845001221,252.27587890625
507,254,8.886003971099854,2,-16.349607467651367,1.0,-50.167816162109375,12.902120590209961,0.7296411991119385,258.2703857421875
508,255,8.920296430587769,1,-16.35566520690918,1.0,-49.60491943359375,12.600235939025879,0.7186124324798584,252.22726440429688
509,255,8.773221015930176,2,-16.356449127197266,1.0,-50.73814010620117,12.749707221984863,0.6755422353744507,255.1623077392578
510,256,8.794184446334839,1,-16.357547760009766,1.0,-49.96778106689453,10.6577787399292,0.658993124961853,213.3148956298828
511,256,8.676242589950562,2,-16.353824615478516,1.0,-50.70713424682617,12.994699478149414,0.8370639681816101,260.2239685058594
512,257,8.695159196853638,1,-16.3552188873291,1.0,-49.74472427368164,13.245481491088867,0.7599206566810608,265.172119140625
513,257,8.668679475784302,2,-16.356645584106445,1.0,-50.274330139160156,12.550366401672363,0.7723674178123474,251.27694702148438
514,258,8.814897537231445,1,-16.352718353271484,1.0,-51.204551696777344,11.191295623779297,0.7065321207046509,224.02041625976562
515,258,8.785850524902344,2,-16.35396957397461,1.0,-50.65763473510742,13.071142196655273,0.8326482772827148,261.7489318847656
516,259,8.723005533218384,1,-16.353778839111328,1.0,-51.13062286376953,12.581291198730469,0.7583288550376892,251.8728485107422
517,259,8.775718927383423,2,-16.352733612060547,1.0,-51.41279220581055,10.655545234680176,0.7603841423988342,213.35714721679688
518,260,8.757139205932617,1,-16.350120544433594,1.0,-50.881980895996094,9.681854248046875,0.6776280999183655,193.80589294433594
519,260,8.775064706802368,2,-16.357133865356445,1.0,-50.561668395996094,13.317230224609375,0.8866602182388306,266.72564697265625
520,261,8.786960124969482,1,-16.356246948242188,1.0,-50.5853385925293,12.64360523223877,0.8450156450271606,253.2112579345703
521,261,8.838281393051147,2,-16.355239868164062,1.0,-51.762535095214844,12.963313102722168,0.751504123210907,259.5001525878906
522,262,8.811461925506592,1,-16.357112884521484,1.0,-49.46271514892578,11.61731243133545,0.7303996086120605,232.58203125
523,262,8.79762864112854,2,-16.353498458862305,1.0,-51.12080383300781,11.772363662719727,0.6870703101158142,235.6231231689453
524,263,8.769142627716064,1,-16.356578826904297,1.0,-51.27263641357422,12.06833553314209,0.6866602897644043,241.5406494140625
525,263,8.802770614624023,2,-16.354427337646484,1.0,-51.95881271362305,13.017881393432617,0.6932111978530884,260.53125
526,264,8.857050895690918,1,-16.351917266845703,1.0,-52.54258346557617,12.53922176361084,0.7042748332023621,250.96328735351562
527,264,8.74524736404419,2,-16.353614807128906,1.0,-51.65705490112305,13.656450271606445,0.7068651914596558,273.3193054199219
528,265,8.840914249420166,1,-16.35587501525879,1.0,-51.9974250793457,12.496140480041504,0.6995200514793396,250.1023406982422
529,265,8.765177011489868,2,-16.352243423461914,1.0,-51.29710006713867,12.039085388183594,0.6666043400764465,240.9353485107422
530,266,8.728620290756226,1,-16.353368759155273,1.0,-52.175025939941406,11.178744316101074,0.6455374360084534,223.6986846923828
531,266,8.769268989562988,2,-16.356904983520508,1.0,-52.02641677856445,12.624542236328125,0.7184003591537476,252.68899536132812
532,267,9.014546394348145,1,-16.353561401367188,1.0,-52.19477081298828,12.826334953308105,0.698701024055481,256.7034606933594
533,267,8.910483837127686,2,-16.3585147857666,1.0,-52.3867073059082,10.78253173828125,0.6666282415390015,215.7934112548828
534,268,8.971161127090454,1,-16.35563850402832,1.0,-51.89447021484375,13.64892864227295,0.8403304815292358,273.2999572753906
535,268,8.961915016174316,2,-16.358129501342773,1.0,-51.924476623535156,10.867508888244629,0.6817389726638794,217.51266479492188
536,269,9.006099700927734,1,-16.352710723876953,1.0,-51.643882751464844,10.849885940551758,0.7470437288284302,217.2283172607422
537,269,8.999284267425537,2,-16.357431411743164,1.0,-53.0521354675293,14.287806510925293,0.7172082662582397,285.94281005859375
538,270,8.95358395576477,1,-16.3532657623291,1.0,-52.70313262939453,14.202260971069336,0.6869792938232422,284.2051696777344
539,270,9.04958987236023,2,-16.35447120666504,1.0,-52.7328987121582,12.733792304992676,0.7125756740570068,254.861083984375
540,271,9.033649206161499,1,-16.35372543334961,1.0,-51.758872985839844,12.473978042602539,0.6868127584457397,249.64877319335938
541,271,8.947237491607666,2,-16.354671478271484,1.0,-52.65703201293945,12.53882122039795,0.6658377051353455,250.9156951904297
542,272,8.956981897354126,1,-16.355205535888672,1.0,-51.94549560546875,12.400858879089355,0.6743417382240295,248.1720733642578
543,272,8.971354722976685,2,-16.355838775634766,1.0,-51.3502197265625,12.378229141235352,0.6853358745574951,247.7364044189453
544,273,8.832785606384277,1,-16.3557071685791,1.0,-52.77587890625,10.545448303222656,0.764771044254303,211.14596557617188
545,273,9.03885793685913,2,-16.35434341430664,1.0,-51.800323486328125,12.83056926727295,0.6932674646377563,256.7866516113281
546,274,8.981125116348267,1,-16.358949661254883,1.0,-52.4536247253418,11.729692459106445,0.6476191282272339,234.7169189453125
547,274,8.911264419555664,2,-16.358028411865234,1.0,-52.09690475463867,12.265518188476562,0.6625509262084961,245.4519500732422
548,275,8.944416284561157,1,-16.353736877441406,1.0,-52.70281982421875,11.698471069335938,0.712932825088501,234.1553192138672
549,275,8.956970691680908,2,-16.35603141784668,1.0,-52.21921920776367,11.404036521911621,0.6650026440620422,228.22354125976562
550,276,8.969071626663208,1,-16.35750961303711,1.0,-52.9647331237793,11.232568740844727,0.6536830067634583,224.77542114257812
551,276,8.998036623001099,2,-16.353939056396484,1.0,-52.10758590698242,12.250152587890625,0.7037744522094727,245.1857452392578
552,277,9.076332092285156,1,-16.35588836669922,1.0,-53.562721252441406,13.142120361328125,0.6753407716751099,262.98211669921875
553,277,9.044007539749146,2,-16.35820198059082,1.0,-52.397315979003906,10.848569869995117,0.6991444826126099,217.14657592773438
554,278,8.942424058914185,1,-16.356924057006836,1.0,-53.99614715576172,12.746026992797852,0.8085154294967651,255.1890869140625
555,278,9.540140628814697,2,-16.36016845703125,1.0,-54.00885009765625,12.762609481811523,0.7104576826095581,255.4225616455078
556,279,8.994143724441528,1,-16.353139877319336,1.0,-52.7159423828125,12.149791717529297,0.7927945256233215,243.261474609375
557,279,9.15062952041626,2,-16.357376098632812,1.0,-52.2132682800293,11.855008125305176,0.7078999280929565,237.28591918945312
558,280,8.925073146820068,1,-16.358762741088867,1.0,-52.434364318847656,11.925488471984863,0.7646133303642273,238.75003051757812
559,280,8.989460945129395,2,-16.357402801513672,1.0,-54.73259353637695,11.640037536621094,0.6767138242721558,232.93014526367188
560,281,8.922797203063965,1,-16.35990333557129,1.0,-53.883522033691406,13.249521255493164,0.7074254155158997,265.15899658203125
561,281,8.930968284606934,2,-16.35779571533203,1.0,-52.497230529785156,11.1024808883667,0.6817967891693115,222.20645141601562
562,282,9.042428731918335,1,-16.35818862915039,1.0,-54.46796417236328,11.991456031799316,0.7904874682426453,240.07492065429688
563,282,8.863465070724487,2,-16.353567123413086,1.0,-53.2452507019043,12.193979263305664,0.6990556120872498,244.04617309570312
564,283,8.948395729064941,1,-16.356252670288086,1.0,-53.9347038269043,12.832087516784668,0.7447499632835388,256.84716796875
565,283,8.95082712173462,2,-16.349576950073242,1.0,-54.33955001831055,13.64988899230957,0.6661942601203918,273.1205749511719
566,284,8.97661018371582,1,-16.35530662536621,1.0,-53.38786697387695,13.787935256958008,0.6905692219734192,275.9153747558594
567,284,8.855209589004517,2,-16.357881546020508,1.0,-54.998069763183594,12.017393112182617,0.6820328831672668,240.4799346923828
568,285,8.941588163375854,1,-16.35723114013672,1.0,-54.505592346191406,12.820821762084961,0.7168218493461609,256.58819580078125
569,285,8.976871967315674,2,-16.356285095214844,1.0,-54.076271057128906,11.842663764953613,0.6890047192573547,237.0015106201172
570,286,8.865732192993164,1,-16.35968017578125,1.0,-54.151451110839844,12.123539924621582,0.6648989915847778,242.5941925048828
571,286,8.929732084274292,2,-16.358043670654297,1.0,-54.79498291015625,12.593172073364258,0.6551806330680847,251.9706573486328
572,287,9.002947568893433,1,-16.3570499420166,1.0,-53.74440383911133,12.94361400604248,0.6747391223907471,259.00958251953125
573,287,9.021564245223999,2,-16.357967376708984,1.0,-54.3961296081543,11.805009841918945,0.686487078666687,236.2427215576172
574,288,8.865573167800903,1,-16.358123779296875,1.0,-55.088348388671875,13.285807609558105,0.7605454325675964,265.9258117675781
575,288,8.959375858306885,2,-16.356670379638672,1.0,-54.04034423828125,12.224861145019531,0.6692317724227905,244.6260528564453
576,289,9.073878288269043,1,-16.355798721313477,1.0,-55.6305046081543,12.535011291503906,0.6603862047195435,250.80429077148438
577,289,8.980546712875366,2,-16.35965919494629,1.0,-53.5863151550293,11.97531795501709,0.6759752035140991,239.64645385742188
578,290,9.122020483016968,1,-16.35808753967285,1.0,-55.39023971557617,11.479132652282715,0.6784610152244568,229.7072296142578
579,290,9.070074319839478,2,-16.357074737548828,1.0,-54.518028259277344,12.675450325012207,0.667090654373169,253.6309051513672
580,291,9.043652057647705,1,-16.3575496673584,1.0,-54.42560577392578,12.990850448608398,0.667538046836853,259.9403076171875
581,291,8.959232330322266,2,-16.355144500732422,1.0,-55.8888053894043,11.921250343322754,0.6625627279281616,238.52865600585938
582,292,8.925400495529175,1,-16.357818603515625,1.0,-56.71654510498047,12.16057014465332,0.6592473983764648,243.30349731445312
583,292,8.990289449691772,2,-16.358898162841797,1.0,-56.1740608215332,12.02586555480957,0.6939380168914795,240.64950561523438
584,293,8.96232295036316,1,-16.359390258789062,1.0,-55.691070556640625,12.155202865600586,0.675829291343689,243.2229766845703
585,293,8.944478273391724,2,-16.3580265045166,1.0,-55.8238639831543,11.884493827819824,0.6672126650810242,237.79885864257812
586,294,8.934223651885986,1,-16.3580265045166,1.0,-55.184181213378906,10.99452018737793,0.6417306661605835,219.9803009033203
587,294,8.967450618743896,2,-16.355167388916016,1.0,-56.18585205078125,12.504167556762695,0.6804264783859253,250.201904296875
588,295,8.915538549423218,1,-16.359832763671875,1.0,-54.801841735839844,11.559980392456055,0.7231398224830627,231.37472534179688
589,295,8.967280864715576,2,-16.35944175720215,1.0,-56.28874588012695,12.199230194091797,0.6625019311904907,244.08419799804688
590,296,9.08607792854309,1,-16.35818099975586,1.0,-55.73772430419922,10.599873542785645,0.6970441341400146,212.1371307373047
591,296,8.934844017028809,2,-16.36014747619629,1.0,-55.79417037963867,12.228347778320312,0.7518007159233093,244.7608184814453
592,297,8.984323501586914,1,-16.360523223876953,1.0,-55.9129753112793,12.333050727844238,0.6544252038002014,246.7563018798828
593,297,8.897122383117676,2,-16.356897354125977,1.0,-55.150177001953125,11.698077201843262,0.7839055061340332,234.19393920898438
594,298,8.966988563537598,1,-16.356552124023438,1.0,-55.07686233520508,11.567230224609375,0.687638521194458,231.48147583007812
595,298,9.024170398712158,2,-16.35923194885254,1.0,-57.05946731567383,12.669462203979492,0.7862564921379089,253.6049346923828
596,299,8.960430383682251,1,-16.357563018798828,1.0,-55.5046501159668,10.757393836975098,0.6581112146377563,215.2509307861328
597,299,8.97897982597351,2,-16.35738754272461,1.0,-56.4998664855957,11.840883255004883,0.6977290511131287,236.9503936767578
598,300,9.082425355911255,1,-16.35791015625,1.0,-56.362281799316406,11.690828323364258,0.6672506332397461,233.92019653320312
599,300,8.900679349899292,2,-16.35956382751465,1.0,-56.779823303222656,11.83014965057373,0.6970645785331726,236.73226928710938
